id , first_name , last_name , last_update
1 , Giampaolo , Pagination , 1.10.2014
2 , Alberico , Cappelli , 1.10.2014
3 , Alberto , Agresti , 1.10.2014
4 , Agnolo , Cangialosi , 1.10.2014
5 , Giacomo , Cancellieri , 1.10.2014
6 , Francesco , Capponi , 1.10.2014
7 , Giancarlo , Caradonna , 1.10.2014
8 , Fabio , Cannada , 1.10.2014
9 , Giancarlo , Capone , 1.10.2014
10 , Fulvio , Aloisi , 1.10.2014
11 , Annibale , Alario , 1.10.2014
12 , Gaetano , Ale , 1.10.2014
13 , Giacomo , Campana , 1.10.2014
14 , Alphons , Agosto , 1.10.2014
15 , Gianluigi , Alo , 1.10.2014
16 , Amedeo , Aldi , 1.10.2014
17 , Gianfranco , Acierno , 1.10.2014
18 , Ferdinando , Cancellieri , 1.10.2014
19 , Greco , Adamo , 1.10.2014
20 , Annibale , Ales , 1.10.2014
21 , Federigo , Allegretto , 1.10.2014
22 , Fiorino , Campanella , 1.10.2014
23 , Gianfrancesco , Campobasso , 1.10.2014
24 , Gianmarco , Campo , 1.10.2014
25 , Fabio , Capponi , 1.10.2014
26 , Gianpietro , Amadio , 1.10.2014
27 , Giustino , Acierno , 1.10.2014
28 , Giampaolo , Cantore , 1.10.2014
29 , Galasso , Capone , 1.10.2014
30 , Giovanni , Cappelletti , 1.10.2014
31 , Alphons , Agresta , 1.10.2014
32 , Gianpietro , Caparelli , 1.10.2014
33 , Filippo , Capriotti , 1.10.2014
34 , Guido , Campanale , 1.10.2014
35 , Amedeo , Cammarano , 1.10.2014
36 , Azeglio , Albano , 1.10.2014
37 , Giorgio  , Amante , 1.10.2014
38 , Gianluca , Capponi , 1.10.2014
39 , Giovanni , Capuzzi , 1.10.2014
40 , Gioachino , Campione , 1.10.2014
41 , Fabrizio , Albino , 1.10.2014
42 , Giovanni , Cappiello , 1.10.2014
43 , Galasso , Alo , 1.10.2014
44 , Federigo , Cantarella , 1.10.2014
45 , Giuliano , Alberti , 1.10.2014
46 , Achille , Campanile , 1.10.2014
47 , Fiorino , Pagination , 1.10.2014
48 , Graziano , Camino , 1.10.2014
49 , Geppetto , Cannone , 1.10.2014
50 , Fiorino , Abate , 1.10.2014
51 , Giampiero , Caponera , 1.10.2014
52 , Aldo , Agresta , 1.10.2014
53 , Francesco , Capone , 1.10.2014
54 , Giancarlo , Capra , 1.10.2014
55 , Achille , Amadio , 1.10.2014
56 , Giacomo , Alleva , 1.10.2014
57 , Antonio , Capriotti , 1.10.2014
58 , Gianmarco , Algiere , 1.10.2014
59 , Gianfranco , Cappelletti , 1.10.2014
60 , Adamo , Agnello , 1.10.2014
61 , Giovanni Battista , Abella , 1.10.2014
62 , Armando , Capello , 1.10.2014
63 , Greco , Cannada , 1.10.2014
64 , Giulio , Campus , 1.10.2014
65 , Giovanni , Capella , 1.10.2014
66 , Aldo , Ale , 1.10.2014
67 , Gioacchino , Caparelli , 1.10.2014
68 , Giampaolo , Aleo , 1.10.2014
69 , Gianmarco , Cappiello , 1.10.2014
70 , Geppetto , Campanelli , 1.10.2014
71 , Armando , Cappetta , 1.10.2014
72 , Guglielmo , Candela , 1.10.2014
73 , Amedeo , Campolo , 1.10.2014
74 , Arturo , Altimari , 1.10.2014
75 , Federico , Abela , 1.10.2014
76 , Gastone , Capella , 1.10.2014
77 , Agnolo , Alessandro , 1.10.2014
78 , Gustavo , Cappelli , 1.10.2014
79 , Armando , Amadio , 1.10.2014
80 , Armando , Campana , 1.10.2014
81 , Gioeletino , Camozzi , 6.10.2014
82 , Adriano , Altobello , 1.10.2014
83 , Greco , Agostino , 1.10.2014
84 , Ferdinando , Abruzzo , 1.10.2014
85 , Antonio , Cappelli , 1.10.2014
86 , Girolamo , Capito , 1.10.2014
87 , Fulvio , Affinito , 1.10.2014
88 , Gioffre , Abbruzzese , 1.10.2014
89 , Fabrizio , Cappo , 1.10.2014
90 , Alberto , Altadonna , 1.10.2014
91 , Fedele , Canal , 1.10.2014
92 , Giuseppe , Albino , 1.10.2014
93 , Amico , Agnello , 1.10.2014
94 , Giacomo , Cappo , 1.10.2014
95 , Gustavo , Capurso , 1.10.2014
96 , Gianni , Accardi , 1.10.2014
97 , Gaspare , Alario , 1.10.2014
98 , Gionata , Alberti , 1.10.2014
99 , Filippo , Altadonna , 1.10.2014
100 , Adamo , Cannada , 1.10.2014
101 , Giulio , Albano , 1.10.2014
102 , Fulvio , Cantone , 1.10.2014
103 , Giosu√® , Ales , 1.10.2014
104 , Francesco , Altadonna , 1.10.2014
105 , Antonio , Campanelli , 1.10.2014
106 , Angelo , Accomando , 1.10.2014
107 , Gino , Alioto , 1.10.2014
108 , Gaspare , Agnello , 1.10.2014
109 , Fabrizio , Capobianco , 1.10.2014
110 , Angelo , Allegretti , 1.10.2014
111 , Gianluca , Abramo , 1.10.2014
112 , Gaetano , Campione , 1.10.2014
113 , Azeglio , Capobianco , 1.10.2014
114 , Giovannio , Caracci , 6.10.2014
115 , Gioffre , Ale , 1.10.2014